LAD20NM,rtrft_need_indx_reltv_indx_mean,std.dev,iqr,min,max,skewness,kurtosis,n.obs,missing.obs
Blackpool,2.4459,0.8855,1.4488,0.4078,4.3107,0.0593,-0.7275,94,0
Burnley,1.9669,1.0091,1.7804,0.3608,4.0559,-0.0408,-1.0972,60,0
Hyndburn,1.945,1.0803,1.8451,0.3648,4.0691,0.1442,-1.2755,52,0
Birmingham,1.8778,0.965,1.5887,0.0972,4.2036,0.0928,-0.9746,639,0
Blackburn with Darwen,1.8193,0.968,1.4074,0.1946,4.3357,0.1719,-0.5609,91,0
Wolverhampton,1.8158,0.7583,1.1825,0.3853,3.6155,0.2242,-0.6143,158,0
Pendle,1.802,1.0357,1.9591,0.4097,4.0259,0.3432,-1.0928,57,0
Liverpool,1.7818,0.9222,1.3847,0.0961,4.1597,0.1876,-0.5596,298,0
Sandwell,1.7806,0.7168,1.0464,0.3725,3.7261,0.2662,-0.3943,186,0
Torbay,1.7761,0.755,1.2027,0.4918,3.5527,0.2959,-0.6522,89,0
Hartlepool,1.7511,0.9436,1.4703,0.2042,4.0322,0.0687,-0.5451,58,0
South Tyneside,1.7339,0.8771,1.2166,0.2722,3.8158,0.2197,-0.6769,102,0
Walsall,1.7006,0.8627,1.3701,0.327,3.8521,0.1439,-0.8606,167,0
Barrow-in-Furness,1.6924,1.0238,1.6227,0.3827,3.9713,0.5536,-0.7227,49,0
Hastings,1.6769,0.7259,1.1825,0.4579,3.068,0.1766,-0.9144,53,0
Bradford,1.6719,0.9653,1.6123,0.1868,3.9132,0.2711,-0.9333,310,0
North East Lincolnshire,1.6411,1.0049,1.727,0.2427,4.1864,0.3433,-0.9354,106,0
Barnsley,1.6303,0.9029,1.2574,0.1811,4.3377,0.5149,-0.1294,147,0
East Lindsey,1.6076,0.9163,1.2381,0.3438,4.3104,1.0309,0.7447,81,0
Tendring,1.6074,0.9599,1.3781,0.1899,3.8382,0.7325,-0.2481,89,0
"Kingston upon Hull, City of",1.6007,0.8005,1.2335,0.1165,3.7216,0.2147,-0.6301,166,0
Sunderland,1.5995,0.8502,1.3438,0.2554,3.822,0.4163,-0.5804,185,0
Middlesbrough,1.5964,0.8698,1.3712,0.1875,3.4745,0.183,-1.0512,86,0
Oldham,1.5891,0.9207,1.5669,0.2426,3.8874,0.3486,-0.9315,141,0
Stoke-on-Trent,1.5879,0.7948,1.2685,0.2259,3.7796,0.2091,-0.8013,159,0
Rossendale,1.5671,0.8838,1.4619,0.2272,3.039,0.1732,-1.2834,43,0
Chesterfield,1.5627,0.7897,1.2168,0.2909,3.1796,0.0558,-0.9814,69,0
St. Helens,1.5411,0.8191,1.38,0.2263,3.8638,0.3059,-0.7146,119,0
Gateshead,1.5202,0.8541,1.4519,0.2117,3.4605,0.4029,-0.8738,126,0
County Durham,1.5098,0.8712,1.3355,0.1552,4.0951,0.4085,-0.5288,324,0
Nottingham,1.4989,0.8251,1.2974,0.095,3.4482,0.2251,-0.7443,182,0
Rochdale,1.4867,0.7457,1.0198,0.2088,3.2514,0.3757,-0.4969,134,0
Wirral,1.486,0.9344,1.5892,0.2472,3.7473,0.5219,-0.8781,206,0
Manchester,1.4856,0.8264,1.2409,0.095,3.8141,0.146,-0.5875,282,0
Rotherham,1.4774,0.8596,1.3934,0.1668,3.6039,0.4908,-0.7889,167,0
Darlington,1.4696,0.9632,1.6322,0.2372,3.8711,0.5539,-0.594,65,0
Redcar and Cleveland,1.4558,0.8145,1.2927,0.1905,3.8747,0.331,-0.4155,88,0
Thanet,1.4476,0.6521,0.8351,0.3929,3.0566,0.4494,-0.503,84,0
Copeland,1.44,0.8592,1.2169,0.3398,4.3944,1.0751,1.6427,49,0
Calderdale,1.4399,0.894,1.4508,0.2186,4.1016,0.6166,-0.5995,128,0
Leicester,1.4393,0.689,1.0168,0.0962,3.7162,0.4669,0.1655,192,0
Doncaster,1.4308,0.8454,1.4353,0.1415,3.6548,0.4564,-0.8113,194,0
Barking and Dagenham,1.4234,0.5079,0.682,0.513,3.033,0.3986,-0.0623,110,0
Scarborough,1.4114,0.7719,1.1193,0.1912,3.6302,0.6755,-0.2459,71,0
Tameside,1.4051,0.6271,0.8897,0.2968,3.7093,0.5184,0.6733,141,0
Great Yarmouth,1.4004,0.6507,0.9645,0.2356,3.5353,0.6481,0.6939,61,0
Sefton,1.3929,0.7995,1.2481,0.2668,3.9572,0.6756,-0.2184,189,0
Kirklees,1.3821,0.8645,1.4408,0.1097,4.1619,0.5992,-0.3796,259,0
Bolton,1.3718,0.8004,1.2821,0.2249,3.6574,0.4343,-0.6665,177,0
Knowsley,1.3715,0.4943,0.5242,0.3144,2.7348,-0.0793,0.3663,98,0
Halton,1.3577,0.7638,1.341,0.1539,3.3837,0.1788,-0.6337,79,0
Mansfield,1.3569,0.7881,1.4405,0.1217,3.0124,0.0967,-1.05,67,0
Lancaster,1.3407,0.9994,1.2963,0.2343,4.317,1.1427,0.5261,89,0
Stockton-on-Tees,1.3327,0.9868,1.5105,0.1409,3.8726,0.7343,-0.5167,120,0
Dudley,1.3262,0.8043,1.2988,0.2121,3.8021,0.6641,-0.4041,201,0
Ashfield,1.3237,0.6911,1.0014,0.1773,3.3429,0.591,-0.1294,74,0
Southend-on-Sea,1.3227,0.7637,1.2009,0.3292,3.5959,0.6572,-0.2848,107,0
Wakefield,1.3202,0.8076,1.2131,0.1623,3.8637,0.6928,-0.2488,209,0
Sheffield,1.2978,0.9087,1.4028,0.095,4.0162,0.7128,-0.3505,345,0
Salford,1.2855,0.7068,1.0347,0.095,3.4061,0.4156,-0.1617,150,0
Wyre,1.2814,0.8864,1.2149,0.1833,3.8436,1.1516,0.7134,69,0
Newcastle upon Tyne,1.2612,0.8289,1.3877,0.095,3.9691,0.5038,-0.3851,175,0
Derby,1.2523,0.8187,1.2676,0.1217,3.4387,0.5585,-0.6011,151,0
Wigan,1.2488,0.7449,1.2703,0.1574,3.1705,0.4339,-0.8807,200,0
Preston,1.2185,0.7075,1.0839,0.1521,2.9777,0.4613,-0.434,86,0
Bury,1.1955,0.7288,1.1317,0.2687,3.0822,0.8159,-0.2671,120,0
North Tyneside,1.1955,0.6954,1.2273,0.1855,2.9648,0.3926,-0.8667,131,0
Northumberland,1.1871,0.8316,1.2894,0.1761,3.5587,0.8781,-0.1583,197,0
Luton,1.1871,0.6259,0.772,0.2133,3.0751,0.8941,0.609,121,0
Southampton,1.1864,0.7396,1.1051,0.1141,3.0032,0.7113,-0.4286,148,0
Isle of Wight,1.1847,0.4946,0.6503,0.3697,2.7737,0.7738,0.6185,89,0
Fenland,1.1838,0.4351,0.7292,0.4235,2.0109,0.0899,-0.9543,55,0
Bolsover,1.1794,0.5552,0.6907,0.2914,2.5313,0.5626,-0.1891,48,0
King's Lynn and West Norfolk,1.1621,0.4814,0.6398,0.2093,2.5954,0.3453,0.205,89,0
Cannock Chase,1.161,0.6607,1.1164,0.2358,2.9715,0.547,-0.3499,60,0
North Lincolnshire,1.1582,0.65,0.9375,0.239,3.6485,1.0367,1.2221,101,0
Eastbourne,1.1564,0.5643,0.9082,0.2498,2.5312,0.4057,-0.7112,61,0
Allerdale,1.1498,0.7442,1.3305,0.1735,2.927,0.7918,-0.3354,60,0
Coventry,1.1464,0.687,0.927,0.1886,3.6022,0.9536,0.6593,195,0
Carlisle,1.1458,0.7684,1.0618,0.1962,3.7418,1.0207,0.9412,68,0
Stockport,1.1428,0.7111,1.1921,0.1917,2.9507,0.7648,-0.492,190,0
Lewisham,1.1335,0.4723,0.6267,0.1281,2.5941,0.5119,0.0147,169,0
Castle Point,1.1298,0.7625,0.9327,0.2545,3.549,1.467,2.0736,57,0
Folkestone and Hythe,1.1254,0.5962,1.0687,0.212,2.3556,0.3442,-1.0005,67,0
Nuneaton and Bedworth,1.1243,0.6918,1.1213,0.1518,2.6182,0.4579,-0.8879,81,0
Erewash,1.1199,0.7096,1.0481,0.1668,2.9852,0.7958,-0.3066,73,0
Enfield,1.1197,0.5286,0.8197,0.1707,2.9254,0.6261,0.3017,183,0
Plymouth,1.1184,0.65,1.0822,0.1763,3.5743,0.7726,0.3313,161,0
Lincoln,1.1077,0.611,1.0255,0.2965,2.7555,0.4816,-0.5517,57,0
Cornwall,1.1029,0.5439,0.6967,0.1893,3.1657,0.9067,0.6771,326,0
Wyre Forest,1.0939,0.6622,0.9866,0.2337,2.867,0.9611,0.0753,65,0
North East Derbyshire,1.0922,0.7616,1.0157,0.2224,3.8339,1.3938,2.196,63,0
Rother,1.0869,0.5357,0.7257,0.2673,2.5144,0.9855,0.5773,58,0
Norwich,1.0782,0.5705,0.957,0.1535,2.498,0.2942,-0.7558,83,0
Tamworth,1.0716,0.7378,1.2176,0.2004,2.8975,0.8226,-0.2524,51,0
Torridge,1.0589,0.5034,0.5452,0.2856,2.5488,1.5011,2.8391,37,0
North Norfolk,1.0498,0.3852,0.3995,0.1907,2.059,0.629,0.5145,62,0
Leeds,1.0435,0.7272,1.0952,0.095,3.7023,0.8812,0.1501,482,0
Corby,1.0432,0.5822,1.1301,0.1488,2.2869,0.0708,-1.0426,41,0
Gloucester,1.0419,0.7828,1.2411,0.18,3.7566,1.1115,0.7481,78,0
Ipswich,1.0374,0.538,0.958,0.1881,2.3306,0.4347,-0.857,85,0
Brent,1.0345,0.4061,0.5134,0.1985,2.325,0.8612,0.5221,173,0
West Lindsey,1.0321,0.7307,0.8754,0.2458,3.2771,1.2821,1.2273,52,0
Bassetlaw,1.0312,0.6607,0.8954,0.2001,2.9555,0.978,0.3108,70,0
North Devon,1.0305,0.6948,0.9154,0.1842,3.4782,1.5254,2.7784,58,0
"Bristol, City of",1.028,0.6692,0.9819,0.1102,4.365,1.0308,1.5898,263,0
Adur,1.0268,0.4858,0.5974,0.3014,2.4422,0.7098,0.494,42,0
Swale,1.023,0.7013,0.8892,0.185,3.9189,1.5367,3.0881,85,0
Haringey,1.0192,0.5062,0.684,0.22,2.8505,0.7217,0.6166,145,0
West Lancashire,1.0102,0.6948,0.9097,0.236,3.2768,1.4062,1.5522,73,0
Ealing,1.007,0.4884,0.656,0.2438,2.941,0.9424,1.2374,196,0
Havant,1.0033,0.6298,0.8883,0.2434,2.6553,1.0122,0.5207,78,0
Amber Valley,1.0022,0.6678,0.927,0.2079,2.6818,0.8914,-0.2296,78,0
Portsmouth,1.0004,0.5545,0.6487,0.106,2.691,1.1489,0.8396,125,0
Basildon,1.0004,0.6542,1.0658,0.1742,2.9661,0.705,-0.1975,110,0
Fylde,0.98740000000000006,0.6706,0.6953,0.173,3.0687,1.5455,2.2197,51,0
Greenwich,0.9862,0.472,0.7068,0.1043,2.3926,0.4501,-0.2782,151,0
Medway,0.9829,0.5998,0.9596,0.1703,2.6101,0.6129,-0.6472,163,0
Newcastle-under-Lyme,0.9766,0.5249,0.845,0.1856,2.3407,0.6227,-0.2434,80,0
Newham,0.9754,0.3649,0.4427,0.0994,1.9085,0.029,0.1107,164,0
South Holland,0.9727,0.4907,0.6736,0.1757,2.8171,1.0883,2.7486,49,0
Dover,0.9718,0.4578,0.5366,0.3187,2.1643,0.8012,-0.0458,67,0
Trafford,0.9637,0.6812,0.9834,0.1763,2.9652,1.0472,0.23,138,0
Telford and Wrekin,0.963,0.5408,0.8059,0.1728,2.7585,0.8106,0.9043,108,0
Islington,0.9603,0.4011,0.4942,0.1063,2.1799,0.545,0.5542,123,0
Arun,0.9595,0.499,0.6856,0.2936,2.7061,1.2399,1.7744,94,0
Worthing,0.9588,0.4795,0.7017,0.3559,2.1105,0.8341,-0.1204,65,0
Boston,0.9577,0.4916,0.8153,0.1663,1.9187,0.3185,-0.7883,36,0
Sedgemoor,0.9441,0.584,0.733,0.2642,3.0291,1.29,1.6793,70,0
West Devon,0.9422,0.4127,0.504,0.23,2.0161,0.8666,0.8047,31,0
"Bournemouth, Christchurch and Poole",0.9417,0.562,0.6935,0.1342,3.0005,1.2654,1.4517,233,0
Hackney,0.9405,0.3741,0.4136,0.1092,2.3058,0.9665,2.1641,144,0
Gedling,0.9314,0.5998,0.753,0.213,2.5858,1.0659,0.243,77,0
Waltham Forest,0.9255,0.3264,0.4101,0.2768,2.4462,0.8576,2.47,144,0
Teignbridge,0.9205,0.5462,0.6823,0.2594,2.7374,1.2563,0.9057,84,0
Peterborough,0.9136,0.4707,0.7101,0.1242,2.5544,0.7572,0.9366,112,0
Somerset West and Taunton,0.9046,0.5295,0.7559,0.1561,2.4565,0.6861,-0.0584,88,0
Croydon,0.8993,0.4934,0.693,0.1915,2.3296,0.8379,0.2175,220,0
Thurrock,0.8991,0.5603,0.8009,0.1184,2.3263,0.7989,-0.0534,98,0
East Suffolk,0.8949,0.5811,0.689,0.1194,2.6429,1.2029,1.1274,146,0
Cheshire West and Chester,0.8948,0.6219,0.9665,0.1437,2.9014,0.8988,-0.1731,212,0
Harrow,0.8928,0.4144,0.5491,0.2101,2.728,1.0693,2.0428,137,0
Staffordshire Moorlands,0.887,0.6111,0.4987,0.2932,3.0189,1.723,2.7002,59,0
Kettering,0.8841,0.6613,0.8636,0.1409,3.2725,1.3264,1.7826,57,0
Solihull,0.8795,0.6674,0.9162,0.1055,3.0598,1.0932,0.4654,134,0
Wellingborough,0.8791,0.5355,0.9004,0.1933,2.1059,0.6167,-0.5563,47,0
Hounslow,0.8714,0.396,0.5329,0.1157,2.3388,0.7941,0.8853,142,0
Chorley,0.8714,0.6273,0.8436,0.1589,2.875,1.4051,1.6978,66,0
Northampton,0.8693,0.4916,0.7074,0.1808,2.6489,0.8696,0.6646,133,0
Newark and Sherwood,0.8663,0.5935,0.6708,0.1876,2.8205,1.3828,1.4926,70,0
Lambeth,0.8647,0.3857,0.486,0.1249,2.3125,0.9321,1.3476,178,0
Broxtowe,0.857,0.535,0.6632,0.1364,2.5556,1.1584,1.0154,71,0
Forest of Dean,0.855,0.4347,0.545,0.2072,2.282,1.0643,1.4469,50,0
Stevenage,0.854,0.3749,0.4688,0.2342,1.9044,0.5695,0.1415,52,0
Redbridge,0.846,0.4012,0.6094,0.1826,2.0042,0.4574,-0.2726,161,0
East Riding of Yorkshire,0.8456,0.71,0.7271,0.1203,3.7074,1.8401,3.4745,210,0
Warrington,0.8396,0.6051,0.8472,0.1212,2.4168,0.9921,0.0951,127,0
High Peak,0.8395,0.5262,0.6973,0.253,2.3052,1.1085,0.6338,59,0
Brighton and Hove,0.8362,0.4778,0.6045,0.2379,2.4642,1.1464,0.9269,165,0
East Staffordshire,0.8325,0.5563,0.8914,0.1707,2.4535,0.9218,0.0762,72,0
Shropshire,0.8302,0.4479,0.5769,0.1682,2.986,1.4123000000000001,3.2152,193,0
"Herefordshire, County of",0.8279,0.448,0.4443,0.1853,2.8036,1.7159,3.8983,116,0
Redditch,0.827,0.5026,0.8143,0.1574,1.9426,0.5973,-0.7599,55,0
Hillingdon,0.827,0.3866,0.5903,0.189,1.9184,0.5089,-0.3646,161,0
Reading,0.8251,0.4912,0.7061,0.1697,2.18,0.8243,-0.0549,97,0
Oadby and Wigston,0.8157,0.5862,0.6643,0.182,2.94,1.768,3.903,36,0
Tower Hamlets,0.8143,0.4077,0.5881,0.0991,1.8681,0.2603,-0.3374,144,0
North Warwickshire,0.8128,0.4345,0.559,0.2671,1.8226,0.9425,-0.1704,38,0
Hammersmith and Fulham,0.8124,0.4623,0.5416,0.1255,2.5186,1.2707,1.8351,113,0
Bedford,0.8117,0.4894,0.7392,0.162,2.515,1.0334,0.816,103,0
Havering,0.8075,0.4206,0.5912,0.1907,2.1876,0.8595,0.2052,150,0
Gosport,0.8064,0.4029,0.6048,0.1785,1.965,0.5934,0.1618,53,0
Mid Devon,0.8043,0.3797,0.523,0.2365,1.9463,0.7181,0.3784,43,0
Worcester,0.8005,0.5071,0.6686,0.2053,2.3304,1.171,0.7853,63,0
North Somerset,0.7981,0.6735,0.5993,0.1282,3.1667,1.8097,2.9788,135,0
Lewes,0.7937,0.4361,0.5823,0.1939,2.3016,1.3136,1.989,62,0
Gravesham,0.791,0.3941,0.5986,0.2942,1.9025,0.6971,-0.1372,64,0
South Somerset,0.7905,0.4211,0.62,0.1395,2.0418,0.7117,-0.0547,103,0
Mendip,0.788,0.4126,0.4791,0.2208,2.2244,1.375,2.119,66,0
Harlow,0.7808,0.3437,0.449,0.1553,1.8342,0.3028,0.5755,54,0
Southwark,0.7806,0.355,0.4533,0.0961,1.776,0.2059,-0.1668,166,0
Breckland,0.7716,0.3923,0.5783,0.134,1.9918,0.9362,0.827,78,0
Ryedale,0.7696,0.3312,0.5556,0.3156,1.3644,0.423,-1.2014,30,0
Canterbury,0.7632,0.5536,0.5742,0.1464,2.8856,1.8445,3.8297,90,0
South Ribble,0.7616,0.4478,0.5937,0.183,2.0878,1.1121,0.6164,70,0
Lichfield,0.7589,0.4888,0.6258,0.2051,2.1212,1.0898,0.5502,58,0
Bexley,0.7584,0.4265,0.5755,0.2034,2.2162,1.1816,1.2648,146,0
Cheshire East,0.7526,0.6147,0.7597,0.13,3.1165,1.5257,1.9571,234,0
Maldon,0.7489,0.3706,0.5236,0.1682,1.6186,0.7361,-0.2278,40,0
Swindon,0.7464,0.5728,0.6639,0.1281,2.4424,1.3033,0.8648,132,0
Dorset,0.7422,0.3987,0.4615,0.1517,3.0327,1.6651,5.1231,219,0
East Devon,0.723,0.3155,0.4006,0.2165,1.706,0.8112,0.1361,81,0
South Hams,0.7208,0.3478,0.4458,0.1617,1.6059,0.6061,-0.0896,49,0
Camden,0.7192,0.419,0.6404,0.1306,1.9066,0.6593,-0.2437,133,0
Craven,0.7185,0.5748,0.267,0.2717,2.8707,2.9914,9.0024,32,0
South Staffordshire,0.7159,0.4068,0.4839,0.177,2.0175,1.459,1.9779,68,0
Kensington and Chelsea,0.706,0.5629,0.8217,0.0999,2.5674,1.0674,0.3708,103,0
South Kesteven,0.6981,0.4331,0.5336,0.1885,2.3906,1.3262,2.0225,81,0
Ashford,0.6976,0.3957,0.5331,0.1208,2.616,1.6688,5.8838,78,0
Colchester,0.6904,0.3722,0.4675,0.1082,1.8251,0.9176,0.1663,105,0
Exeter,0.6883,0.3863,0.489,0.1787,2.0201,1.1962,1.8218,74,0
Malvern Hills,0.6883,0.3647,0.5056,0.1663,1.6651,0.8892,0.0116,45,0
Dartford,0.6841,0.4023,0.5201,0.1777,1.8747,1.1391,0.4779,58,0
Milton Keynes,0.679,0.5491,0.5295,0.1005,3.6001,2.018,5.4782,152,0
Barnet,0.6777,0.3585,0.3998,0.154,2.1218,1.3762,2.1232,211,0
East Northamptonshire,0.6776,0.477,0.5698,0.1396,2.2733,1.5052,2.1731,49,0
Chichester,0.6744,0.3655,0.4671,0.2135,1.9315,1.3215,1.5958,71,0
Watford,0.6711,0.3553,0.4901,0.2045,1.9494,1.2434,2.0309,53,0
North West Leicestershire,0.6672,0.443,0.4584,0.1323,2.2612,1.4883,2.1443,58,0
Sevenoaks,0.6652,0.4402,0.5578,0.1478,2.2499,1.4168,1.8979,74,0
Bath and North East Somerset,0.6649,0.4222,0.5329,0.1366,2.2715,1.5669,2.5963,115,0
Bromley,0.6597,0.4566,0.4903,0.1603,2.3614,1.4236,1.439,197,0
Crawley,0.6592,0.3216,0.3746,0.1523,1.6441,0.8134,0.9151,66,0
Cheltenham,0.6571,0.476,0.6082,0.2027,2.3163,1.5363,1.9327,75,0
Hinckley and Bosworth,0.6549,0.4202,0.5452,0.1617,2.2363,1.3858,2.1021,66,0
New Forest,0.6514,0.3303,0.4516,0.2138,1.7303,0.9477,0.2072,114,0
Merton,0.6511,0.4243,0.5467,0.1221,2.1731,1.2296,1.4864,124,0
Maidstone,0.6498,0.4183,0.5409,0.1768,2.6074,1.7045,4.2551,95,0
North Kesteven,0.6498,0.3924,0.4456,0.1237,1.9279,1.2714,1.212,64,0
Selby,0.6486,0.4163,0.6531,0.1863,1.828,0.9839,0.0017,50,0
Sutton,0.6465,0.3353,0.4894,0.2008,1.6988,1.0086,0.3541,121,0
Stafford,0.6461,0.3976,0.5924,0.1412,1.7477,0.999,0.2633,80,0
Wealden,0.6411,0.3758,0.4594,0.1876,1.8765,1.2354,0.8855,95,0
South Derbyshire,0.64,0.461,0.6484,0.1121,1.7269,1.0518,0.0752,58,0
Braintree,0.6377,0.3675,0.5005,0.1561,2.1927,1.4443,3.325,87,0
Derbyshire Dales,0.6344,0.3619,0.3558,0.2159,2.1625,2.128,6.4742,43,0
Wiltshire,0.6314,0.3587,0.4417,0.1267,2.1715,1.3632,2.0621,285,0
Eden,0.6289,0.2756,0.3664,0.2449,1.2968,1.0517,0.498,36,0
Oxford,0.6274,0.4033,0.5577,0.1011,1.5924,0.892,-0.1868,83,0
South Norfolk,0.6212,0.3156,0.348,0.1771,1.8699,1.2207,2.1839,81,0
Melton,0.6161,0.3675,0.4006,0.1785,1.6032,1.1421,0.8522,30,0
Stroud,0.6141,0.3273,0.3549,0.1683,1.9591,2.0652,6.0443,69,0
Wychavon,0.6136,0.3668,0.4322,0.1305,1.8295,1.3313,1.6057,78,0
Rugby,0.6118,0.3804,0.579,0.107,1.8717,1.2082,1.343,61,0
Tonbridge and Malling,0.6112,0.4276,0.5032,0.1223,2.3445,1.7964,3.8933,72,0
York,0.6088,0.4555,0.4034,0.1938,2.2005,1.8794,2.9296,120,0
Slough,0.6078,0.2566,0.3144,0.1737,1.3338,0.879,0.475,80,0
Charnwood,0.6066,0.4192,0.4141,0.1474,2.2204,1.5933,2.4301,99,0
Babergh,0.6053,0.3191,0.4673,0.1401,1.5052,0.792,-0.0397,54,0
Westminster,0.6043,0.4182,0.6776,0.1057,1.8523,0.7785,-0.2963,128,0
Broxbourne,0.6012,0.3001,0.4067,0.1533,1.5471,0.951,1.0296,56,0
Hertsmere,0.6011,0.2953,0.4924,0.1587,1.3031,0.4811,-0.6887,62,0
Bromsgrove,0.601,0.3955,0.6416,0.1873,1.8373,1.1036,0.4408,58,0
South Gloucestershire,0.5983,0.3958,0.4754,0.113,1.936,1.2792,1.2011,165,0
Rochford,0.5979,0.3222,0.334,0.2345,1.6481,1.4651,1.8861,53,0
Dacorum,0.5973,0.344,0.4737,0.1487,1.5603,0.8619,-0.0582,94,0
North Hertfordshire,0.5948,0.3763,0.4446,0.1329,1.7831,1.3424,1.3086,82,0
Wandsworth,0.5914,0.3441,0.4495,0.1063,1.8077,0.9878,0.5634,179,0
Epping Forest,0.5881,0.3353,0.4356,0.1657,1.7583,1.5998000000000001,3.2147,78,0
West Suffolk,0.5867,0.2981,0.4292,0.181,1.7368,1.1142,1.9435,100,0
Tunbridge Wells,0.5865,0.2586,0.4294,0.2361,1.2439,0.6904,-0.4108,68,0
Warwick,0.5855,0.4129,0.4362,0.1419,2.1012,1.6584,2.7096,86,0
Blaby,0.5795,0.3315,0.5064,0.1264,1.7318,1.0505,1.2386,60,0
Three Rivers,0.5732,0.3391,0.4748,0.2217,1.5078,1.1863,0.4723,53,0
Broadland,0.5636,0.2567,0.3344,0.1661,1.3106,0.8561,0.278,84,0
Spelthorne,0.5627,0.2559,0.402,0.1637,1.2089,0.7105,-0.2229,60,0
Daventry,0.562,0.4062,0.3202,0.1302,2.358,2.8213,9.7759,44,0
Richmondshire,0.5604,0.2316,0.3465,0.2218,1.1676,0.7021,0.0732,34,0
South Lakeland,0.5594,0.2742,0.2944,0.2195,1.5013,1.5781,2.4799,59,0
Kingston upon Thames,0.5592,0.2658,0.441,0.1661,1.2474,0.6343,-0.3684,98,0
Huntingdonshire,0.5512,0.2957,0.379,0.1779,1.9272,1.5828,3.982,105,0
Hambleton,0.5484,0.3486,0.3156,0.1475,1.606,1.8323,3.1075,52,0
Harrogate,0.548,0.3265,0.3819,0.1403,2.0625,1.5907,3.949,104,0
Mid Suffolk,0.5416,0.2795,0.2715,0.1469,1.4881,1.4562,2.9119,56,0
Chelmsford,0.5351,0.3238,0.3399,0.1844,1.5038,1.3295,0.8957,107,0
Cherwell,0.5344,0.3661,0.3828,0.1308,1.9636,1.687,2.9,93,0
East Cambridgeshire,0.5284,0.2931,0.3693,0.1588,1.3145,1.1291,1.0193,50,0
Rushmoor,0.5278,0.3358,0.4436,0.1144,1.37,0.9133,0.0322,58,0
Welwyn Hatfield,0.5256,0.2847,0.3593,0.1545,1.4085,1.002,0.575,67,0
Central Bedfordshire,0.5212,0.3141,0.3736,0.1165,1.715,1.2004,1.1585,157,0
Tewkesbury,0.5195,0.3251,0.3182,0.1379,1.4646,1.6057,2.1054,50,0
Cambridge,0.5101,0.3391,0.5464,0.1174,1.5099,0.8728,0.1345,69,0
Tandridge,0.5075,0.2469,0.3514,0.222,1.4146,1.4758,2.6726,50,0
Runnymede,0.5018,0.2672,0.4307,0.1548,1.2327,0.8142,-0.0331,52,0
Richmond upon Thames,0.4985,0.3224,0.3208,0.1313,1.6032,1.7193,2.5705,115,0
Brentwood,0.4913,0.2518,0.376,0.185,1.3126,1.2368,1.4434,46,0
Basingstoke and Deane,0.4906,0.3288,0.3727,0.1251,1.7138,1.7161,2.9088,109,0
Test Valley,0.4901,0.2672,0.307,0.1421,1.2079,1.2915,1.0537,71,0
Ribble Valley,0.4861,0.2519,0.2464,0.1818,1.6304,2.6262,10.3605,40,0
Stratford-on-Avon,0.4779,0.2111,0.2795,0.1855,1.1337,0.9717,0.6461,73,0
Eastleigh,0.4731,0.3238,0.3542,0.1343,1.5802,1.6859,2.4358,77,0
West Berkshire,0.4666,0.2202,0.3092,0.1513,1.2508,1.254,1.6706,97,0
Cotswold,0.4607,0.2115,0.2186,0.1694,1.3289,1.7806,5.0261,51,0
Woking,0.4564,0.2471,0.372,0.1182,1.137,1.0218,-0.0063,61,0
East Hampshire,0.4493,0.2238,0.316,0.1583,1.1079,1.0635,0.5618,72,0
Buckinghamshire,0.4487,0.2596,0.2943,0.1217,1.8678,1.6367,3.7992,319,0
Rutland,0.4427,0.1373,0.1663,0.2822,0.8725,1.4638,3.0458,23,0
Fareham,0.4382,0.2611,0.2396,0.1517,1.4639,1.9506,4.2846,73,0
West Oxfordshire,0.4316,0.2328,0.2412,0.1389,1.233,1.5616,2.6544,66,0
Rushcliffe,0.4292,0.2359,0.273,0.1451,1.2591,1.4069,1.643,68,0
Guildford,0.4271,0.2567,0.2453,0.1365,1.5704,2.0072,5.2951,84,0
St Albans,0.4237,0.2323,0.232,0.15,1.4549,1.8264,4.2264,87,0
Reigate and Banstead,0.4228,0.2048,0.2142,0.1292,1.196,1.2993,1.7215,86,0
Horsham,0.421,0.2254,0.3081,0.1213,1.1396,1.2025,0.978,81,0
Waverley,0.4191,0.2021,0.3555,0.1461,0.8884,0.6719,-0.6638,82,0
Mole Valley,0.4161,0.1889,0.2326,0.1874,1.067,1.509,2.521,54,0
Elmbridge,0.4154,0.2906,0.2793,0.1208,1.378,1.5779,1.8094,81,0
Winchester,0.404,0.2165,0.2732,0.1384,1.1696,1.4123000000000001,2.3655,70,0
Epsom and Ewell,0.4014,0.2484,0.2216,0.1529,1.4048,2.6096,8.1016,44,0
South Oxfordshire,0.4008,0.2224,0.2242,0.1405,1.1236,1.5101,2.0931,89,0
South Northamptonshire,0.3777,0.191,0.2526,0.1213,1.0089,0.9806,1.0661,51,0
South Cambridgeshire,0.3772,0.2068,0.1593,0.1188,1.5046,2.4915,9.376,96,0
East Hertfordshire,0.3749,0.211,0.2778,0.1097,1.0664,1.2827,1.6985,84,0
Mid Sussex,0.3748,0.2118,0.2238,0.1275,1.5322,2.443,9.8827,86,0
Harborough,0.3738,0.2179,0.2883,0.1415,1.1522,1.4861,2.4025,47,0
Vale of White Horse,0.3612,0.2434,0.2028,0.1221,1.714,2.9511,12.5372,76,0
Bracknell Forest,0.3522,0.1926,0.2501,0.1069,0.9727,1.0567,0.4676,75,0
Isles of Scilly,0.3409,NA,0,0.3409,0.3409,NA,NA,1,0
Windsor and Maidenhead,0.3338,0.1967,0.2602,0.1124,1.3194,2.1017,6.8106,89,0
Uttlesford,0.332,0.1345,0.1969,0.1112,0.6056,0.4091,-0.7077,46,0
Surrey Heath,0.3232,0.1975,0.1643,0.1132,0.9108,1.4474,0.9876,55,0
Wokingham,0.2913,0.1674,0.1243,0.1168,1.1156,2.6472,8.3633,99,0
City of London,0.2747,0.2746,0.3523,0.0978,0.8055,1.9526,3.8203,6,0
Hart,0.2566,0.1203,0.1254,0.1048,0.746,2.0088,5.4937,57,0
